mode,max_memory_mb,query_id,query,iteration,time_millis,memory_usage_bytes,disk_usage_bytes,total_entries,disk_evictions
Liquid,1024,0,SELECT COUNT(*) FROM hits,0,4,0,0,0,0
Liquid,1024,0,SELECT COUNT(*) FROM hits,1,0,0,0,0,0
Liquid,1024,0,SELECT COUNT(*) FROM hits,2,0,0,0,0,0
Liquid,1024,1,"SELECT COUNT(*) FROM hits WHERE ""AdvEngineID"" <> 0",0,55,190007064,0,11540,0
Liquid,1024,1,"SELECT COUNT(*) FROM hits WHERE ""AdvEngineID"" <> 0",1,11,190007064,0,11540,0
Liquid,1024,1,"SELECT COUNT(*) FROM hits WHERE ""AdvEngineID"" <> 0",2,12,190007064,0,11540,0
Liquid,1024,2,"SELECT SUM(""AdvEngineID""), COUNT(*), AVG(""ResolutionWidth"") FROM hits",0,94,402335844,0,24436,0
Liquid,1024,2,"SELECT SUM(""AdvEngineID""), COUNT(*), AVG(""ResolutionWidth"") FROM hits",1,23,402335844,0,24436,0
Liquid,1024,2,"SELECT SUM(""AdvEngineID""), COUNT(*), AVG(""ResolutionWidth"") FROM hits",2,22,402335844,0,24436,0
Liquid,1024,3,"SELECT AVG(""UserID"") FROM hits",0,633,1073704284,0,36654,0
Liquid,1024,3,"SELECT AVG(""UserID"") FROM hits",1,26,1073704284,0,36654,0
Liquid,1024,3,"SELECT AVG(""UserID"") FROM hits",2,24,1073704284,0,36654,0
Liquid,1024,4,"SELECT COUNT(DISTINCT ""UserID"") FROM hits",0,583,1073704284,0,36654,0
Liquid,1024,4,"SELECT COUNT(DISTINCT ""UserID"") FROM hits",1,538,1073704284,0,36654,0
Liquid,1024,4,"SELECT COUNT(DISTINCT ""UserID"") FROM hits",2,548,1073704284,0,36654,0
Liquid,1024,5,"SELECT COUNT(DISTINCT ""SearchPhrase"") FROM hits",0,35063,1073700090,398408376,48872,0
Liquid,1024,5,"SELECT COUNT(DISTINCT ""SearchPhrase"") FROM hits",1,561,1073700090,398408376,48872,0
Liquid,1024,5,"SELECT COUNT(DISTINCT ""SearchPhrase"") FROM hits",2,550,1073700090,398408376,48872,0
Liquid,1024,6,"SELECT MIN(""EventDate""::INT::DATE), MAX(""EventDate""::INT::DATE) FROM hits",0,561,1073660060,417264464,61090,0
Liquid,1024,6,"SELECT MIN(""EventDate""::INT::DATE), MAX(""EventDate""::INT::DATE) FROM hits",1,23,1073660060,417264464,61090,0
Liquid,1024,6,"SELECT MIN(""EventDate""::INT::DATE), MAX(""EventDate""::INT::DATE) FROM hits",2,22,1073660060,417264464,61090,0
Liquid,1024,7,"SELECT ""AdvEngineID"", COUNT(*) FROM hits WHERE ""AdvEngineID"" <> 0 GROUP BY ""AdvE",0,4806,1073660060,417264464,61090,0
Liquid,1024,7,"SELECT ""AdvEngineID"", COUNT(*) FROM hits WHERE ""AdvEngineID"" <> 0 GROUP BY ""AdvE",1,5791,1073660060,417264464,61090,0
Liquid,1024,7,"SELECT ""AdvEngineID"", COUNT(*) FROM hits WHERE ""AdvEngineID"" <> 0 GROUP BY ""AdvE",2,5785,1073660060,417264464,61090,0
Liquid,1024,8,"SELECT ""RegionID"", COUNT(DISTINCT ""UserID"") AS u FROM hits GROUP BY ""RegionID"" O",0,6948,1073695294,629026776,73308,0
Liquid,1024,8,"SELECT ""RegionID"", COUNT(DISTINCT ""UserID"") AS u FROM hits GROUP BY ""RegionID"" O",1,2750,1073695294,629026776,73308,0
Liquid,1024,8,"SELECT ""RegionID"", COUNT(DISTINCT ""UserID"") AS u FROM hits GROUP BY ""RegionID"" O",2,3576,1073695294,629026776,73308,0
Liquid,1024,9,"SELECT ""RegionID"", SUM(""AdvEngineID""), COUNT(*) AS c, AVG(""ResolutionWidth""), CO",0,9086,1073695294,629026776,73308,0
Liquid,1024,9,"SELECT ""RegionID"", SUM(""AdvEngineID""), COUNT(*) AS c, AVG(""ResolutionWidth""), CO",1,9674,1073695294,629026776,73308,0
Liquid,1024,9,"SELECT ""RegionID"", SUM(""AdvEngineID""), COUNT(*) AS c, AVG(""ResolutionWidth""), CO",2,9671,1073695294,629026776,73308,0
Liquid,1024,10,"SELECT ""MobilePhoneModel"", COUNT(DISTINCT ""UserID"") AS u FROM hits WHERE ""Mobile",0,6406,1073683582,835486144,85526,0
Liquid,1024,10,"SELECT ""MobilePhoneModel"", COUNT(DISTINCT ""UserID"") AS u FROM hits WHERE ""Mobile",1,5034,1073683582,835486144,85526,0
Liquid,1024,10,"SELECT ""MobilePhoneModel"", COUNT(DISTINCT ""UserID"") AS u FROM hits WHERE ""Mobile",2,5223,1073683582,835486144,85526,0
Liquid,1024,11,"SELECT ""MobilePhone"", ""MobilePhoneModel"", COUNT(DISTINCT ""UserID"") AS u FROM hit",0,6748,1073681869,915719768,97727,0
Liquid,1024,11,"SELECT ""MobilePhone"", ""MobilePhoneModel"", COUNT(DISTINCT ""UserID"") AS u FROM hit",1,5815,1073681869,915719768,97727,0
Liquid,1024,11,"SELECT ""MobilePhone"", ""MobilePhoneModel"", COUNT(DISTINCT ""UserID"") AS u FROM hit",2,5844,1073681869,915719768,97727,0
Liquid,1024,12,"SELECT ""SearchPhrase"", COUNT(*) AS c FROM hits WHERE ""SearchPhrase"" <> '' GROUP ",0,585,1073681869,915719768,97727,0
Liquid,1024,12,"SELECT ""SearchPhrase"", COUNT(*) AS c FROM hits WHERE ""SearchPhrase"" <> '' GROUP ",1,509,1073681869,915719768,97727,0
Liquid,1024,12,"SELECT ""SearchPhrase"", COUNT(*) AS c FROM hits WHERE ""SearchPhrase"" <> '' GROUP ",2,529,1073681869,915719768,97727,0
Liquid,1024,13,"SELECT ""SearchPhrase"", COUNT(DISTINCT ""UserID"") AS u FROM hits WHERE ""SearchPhra",0,5358,1073681869,915719768,97727,0
Liquid,1024,13,"SELECT ""SearchPhrase"", COUNT(DISTINCT ""UserID"") AS u FROM hits WHERE ""SearchPhra",1,5846,1073681869,915719768,97727,0
Liquid,1024,13,"SELECT ""SearchPhrase"", COUNT(DISTINCT ""UserID"") AS u FROM hits WHERE ""SearchPhra",2,5845,1073681869,915719768,97727,0
Liquid,1024,14,"SELECT ""SearchEngineID"", ""SearchPhrase"", COUNT(*) AS c FROM hits WHERE ""SearchPh",0,8297,1073726249,1124803896,109869,0
Liquid,1024,14,"SELECT ""SearchEngineID"", ""SearchPhrase"", COUNT(*) AS c FROM hits WHERE ""SearchPh",1,879,1073726249,1124803896,109869,0
Liquid,1024,14,"SELECT ""SearchEngineID"", ""SearchPhrase"", COUNT(*) AS c FROM hits WHERE ""SearchPh",2,1692,1073726249,1124803896,109869,0
Liquid,1024,15,"SELECT ""UserID"", COUNT(*) FROM hits GROUP BY ""UserID"" ORDER BY COUNT(*) DESC LIM",0,5774,1073726249,1124803896,109869,0
Liquid,1024,15,"SELECT ""UserID"", COUNT(*) FROM hits GROUP BY ""UserID"" ORDER BY COUNT(*) DESC LIM",1,5866,1073726249,1124803896,109869,0
Liquid,1024,15,"SELECT ""UserID"", COUNT(*) FROM hits GROUP BY ""UserID"" ORDER BY COUNT(*) DESC LIM",2,5841,1073726249,1124803896,109869,0
Liquid,1024,16,"SELECT ""UserID"", ""SearchPhrase"", COUNT(*) FROM hits GROUP BY ""UserID"", ""SearchPh",0,7597,1073726249,1124803896,109869,0
Liquid,1024,16,"SELECT ""UserID"", ""SearchPhrase"", COUNT(*) FROM hits GROUP BY ""UserID"", ""SearchPh",1,7571,1073726249,1124803896,109869,0
Liquid,1024,16,"SELECT ""UserID"", ""SearchPhrase"", COUNT(*) FROM hits GROUP BY ""UserID"", ""SearchPh",2,7563,1073726249,1124803896,109869,0
Liquid,1024,17,"SELECT ""UserID"", ""SearchPhrase"", COUNT(*) FROM hits GROUP BY ""UserID"", ""SearchPh",0,7576,1073726249,1124803896,109869,0
Liquid,1024,17,"SELECT ""UserID"", ""SearchPhrase"", COUNT(*) FROM hits GROUP BY ""UserID"", ""SearchPh",1,7553,1073726249,1124803896,109869,0
Liquid,1024,17,"SELECT ""UserID"", ""SearchPhrase"", COUNT(*) FROM hits GROUP BY ""UserID"", ""SearchPh",2,7559,1073726249,1124803896,109869,0
Liquid,1024,18,"SELECT ""UserID"", extract(minute FROM to_timestamp_seconds(""EventTime"")) AS m, ""S",0,27774,1073727176,1503236040,122087,0
Liquid,1024,18,"SELECT ""UserID"", extract(minute FROM to_timestamp_seconds(""EventTime"")) AS m, ""S",1,10086,1073727176,1503236040,122087,0
Liquid,1024,18,"SELECT ""UserID"", extract(minute FROM to_timestamp_seconds(""EventTime"")) AS m, ""S",2,9995,1073727176,1503236040,122087,0
Liquid,1024,19,"SELECT ""UserID"" FROM hits WHERE ""UserID"" = 435090932899640449",0,4638,1073727176,1503236040,122087,0
Liquid,1024,19,"SELECT ""UserID"" FROM hits WHERE ""UserID"" = 435090932899640449",1,5149,1073727176,1503236040,122087,0
Liquid,1024,19,"SELECT ""UserID"" FROM hits WHERE ""UserID"" = 435090932899640449",2,5155,1073727176,1503236040,122087,0
Liquid,1024,20,"SELECT COUNT(*) FROM hits WHERE ""URL"" LIKE '%google%'",0,108690,1072397358,6055581944,134305,0
Liquid,1024,20,"SELECT COUNT(*) FROM hits WHERE ""URL"" LIKE '%google%'",1,27918,1072397358,6055581944,134305,0
Liquid,1024,20,"SELECT COUNT(*) FROM hits WHERE ""URL"" LIKE '%google%'",2,28859,1072397358,6055581944,134305,0
Liquid,1024,21,"SELECT ""SearchPhrase"", MIN(""URL""), COUNT(*) AS c FROM hits WHERE ""URL"" LIKE '%go",0,31879,1072397358,6055581944,134305,0
Liquid,1024,21,"SELECT ""SearchPhrase"", MIN(""URL""), COUNT(*) AS c FROM hits WHERE ""URL"" LIKE '%go",1,31885,1072397358,6055581944,134305,0
Liquid,1024,21,"SELECT ""SearchPhrase"", MIN(""URL""), COUNT(*) AS c FROM hits WHERE ""URL"" LIKE '%go",2,31918,1072397358,6055581944,134305,0
Liquid,1024,22,"SELECT ""SearchPhrase"", MIN(""URL""), MIN(""Title""), COUNT(*) AS c, COUNT(DISTINCT """,0,40495,1073073448,8255437428,146447,0
Liquid,1024,22,"SELECT ""SearchPhrase"", MIN(""URL""), MIN(""Title""), COUNT(*) AS c, COUNT(DISTINCT """,1,43010,1073073448,8255437428,146447,0
Liquid,1024,22,"SELECT ""SearchPhrase"", MIN(""URL""), MIN(""Title""), COUNT(*) AS c, COUNT(DISTINCT """,2,43773,1073073448,8255437428,146447,0
Liquid,1024,23,"SELECT * FROM hits WHERE ""URL"" LIKE '%google%' ORDER BY to_timestamp_seconds(""Ev",0,35003,1073617418,8414851404,157328,0
Liquid,1024,23,"SELECT * FROM hits WHERE ""URL"" LIKE '%google%' ORDER BY to_timestamp_seconds(""Ev",1,31865,1073731759,8457297244,159839,0
Liquid,1024,23,"SELECT * FROM hits WHERE ""URL"" LIKE '%google%' ORDER BY to_timestamp_seconds(""Ev",2,32109,1073709025,8485333620,161420,0
Liquid,1024,24,"SELECT ""SearchPhrase"" FROM hits WHERE ""SearchPhrase"" <> '' ORDER BY to_timestamp",0,6488,1073709025,8485333620,161420,0
Liquid,1024,24,"SELECT ""SearchPhrase"" FROM hits WHERE ""SearchPhrase"" <> '' ORDER BY to_timestamp",1,6652,1073709025,8485333620,161420,0
Liquid,1024,24,"SELECT ""SearchPhrase"" FROM hits WHERE ""SearchPhrase"" <> '' ORDER BY to_timestamp",2,7102,1073709025,8485333620,161420,0
Liquid,1024,25,"SELECT ""SearchPhrase"" FROM hits WHERE ""SearchPhrase"" <> '' ORDER BY ""SearchPhras",0,8014,1073709025,8485333620,161420,0
Liquid,1024,25,"SELECT ""SearchPhrase"" FROM hits WHERE ""SearchPhrase"" <> '' ORDER BY ""SearchPhras",1,8916,1073709025,8485333620,161420,0
Liquid,1024,25,"SELECT ""SearchPhrase"" FROM hits WHERE ""SearchPhrase"" <> '' ORDER BY ""SearchPhras",2,8916,1073709025,8485333620,161420,0
Liquid,1024,26,"SELECT ""SearchPhrase"" FROM hits WHERE ""SearchPhrase"" <> '' ORDER BY to_timestamp",0,10886,1073709025,8485333620,161420,0
Liquid,1024,26,"SELECT ""SearchPhrase"" FROM hits WHERE ""SearchPhrase"" <> '' ORDER BY to_timestamp",1,10841,1073709025,8485333620,161420,0
Liquid,1024,26,"SELECT ""SearchPhrase"" FROM hits WHERE ""SearchPhrase"" <> '' ORDER BY to_timestamp",2,10835,1073709025,8485333620,161420,0
Liquid,1024,27,"SELECT ""CounterID"", AVG(length(""URL"")) AS l, COUNT(*) AS c FROM hits WHERE ""URL""",0,30673,1073733834,8508096612,173477,0
Liquid,1024,27,"SELECT ""CounterID"", AVG(length(""URL"")) AS l, COUNT(*) AS c FROM hits WHERE ""URL""",1,29056,1073733834,8508096612,173477,0
Liquid,1024,27,"SELECT ""CounterID"", AVG(length(""URL"")) AS l, COUNT(*) AS c FROM hits WHERE ""URL""",2,29184,1073733834,8508096612,173477,0
Liquid,1024,28,"SELECT REGEXP_REPLACE(""Referer"", '^https?://(?:www\\.)?([^/]+)/.*$', '\\1') AS k",0,42068,1073291505,11148274116,185534,0
Liquid,1024,28,"SELECT REGEXP_REPLACE(""Referer"", '^https?://(?:www\\.)?([^/]+)/.*$', '\\1') AS k",1,20522,1073291505,11148274116,185534,0
Liquid,1024,28,"SELECT REGEXP_REPLACE(""Referer"", '^https?://(?:www\\.)?([^/]+)/.*$', '\\1') AS k",2,20930,1073291505,11148274116,185534,0
Liquid,1024,29,"SELECT SUM(""ResolutionWidth""), SUM(""ResolutionWidth"" + 1), SUM(""ResolutionWidth""",0,3095,1073291505,11148274116,185534,0
Liquid,1024,29,"SELECT SUM(""ResolutionWidth""), SUM(""ResolutionWidth"" + 1), SUM(""ResolutionWidth""",1,4038,1073291505,11148274116,185534,0
Liquid,1024,29,"SELECT SUM(""ResolutionWidth""), SUM(""ResolutionWidth"" + 1), SUM(""ResolutionWidth""",2,4033,1073291505,11148274116,185534,0
Liquid,1024,30,"SELECT ""SearchEngineID"", ""ClientIP"", COUNT(*) AS c, SUM(""IsRefresh""), AVG(""Resol",0,31842,1073660383,11551403492,209496,0
Liquid,1024,30,"SELECT ""SearchEngineID"", ""ClientIP"", COUNT(*) AS c, SUM(""IsRefresh""), AVG(""Resol",1,16978,1073660383,11551403492,209496,0
Liquid,1024,30,"SELECT ""SearchEngineID"", ""ClientIP"", COUNT(*) AS c, SUM(""IsRefresh""), AVG(""Resol",2,17407,1073660383,11551403492,209496,0
Liquid,1024,31,"SELECT ""WatchID"", ""ClientIP"", COUNT(*) AS c, SUM(""IsRefresh""), AVG(""ResolutionWi",0,24820,1073510740,12307379244,221477,0
Liquid,1024,31,"SELECT ""WatchID"", ""ClientIP"", COUNT(*) AS c, SUM(""IsRefresh""), AVG(""ResolutionWi",1,17648,1073510740,12307379244,221477,0
Liquid,1024,31,"SELECT ""WatchID"", ""ClientIP"", COUNT(*) AS c, SUM(""IsRefresh""), AVG(""ResolutionWi",2,17917,1073510740,12307379244,221477,0
Liquid,1024,32,"SELECT ""WatchID"", ""ClientIP"", COUNT(*) AS c, SUM(""IsRefresh""), AVG(""ResolutionWi",0,14618,1073671530,12314684964,221705,0
Liquid,1024,32,"SELECT ""WatchID"", ""ClientIP"", COUNT(*) AS c, SUM(""IsRefresh""), AVG(""ResolutionWi",1,13888,1073671530,12314684964,221705,0
Liquid,1024,32,"SELECT ""WatchID"", ""ClientIP"", COUNT(*) AS c, SUM(""IsRefresh""), AVG(""ResolutionWi",2,14149,1073671530,12314684964,221705,0
Liquid,1024,33,"SELECT ""URL"", COUNT(*) AS c FROM hits GROUP BY ""URL"" ORDER BY c DESC LIMIT 10",0,28055,1073671530,12314684964,221705,0
Liquid,1024,33,"SELECT ""URL"", COUNT(*) AS c FROM hits GROUP BY ""URL"" ORDER BY c DESC LIMIT 10",1,28938,1073671530,12314684964,221705,0
Liquid,1024,33,"SELECT ""URL"", COUNT(*) AS c FROM hits GROUP BY ""URL"" ORDER BY c DESC LIMIT 10",2,28884,1073671530,12314684964,221705,0
Liquid,1024,34,"SELECT 1, ""URL"", COUNT(*) AS c FROM hits GROUP BY 1, ""URL"" ORDER BY c DESC LIMIT",0,28907,1073671530,12314684964,221705,0
Liquid,1024,34,"SELECT 1, ""URL"", COUNT(*) AS c FROM hits GROUP BY 1, ""URL"" ORDER BY c DESC LIMIT",1,28863,1073671530,12314684964,221705,0
Liquid,1024,34,"SELECT 1, ""URL"", COUNT(*) AS c FROM hits GROUP BY 1, ""URL"" ORDER BY c DESC LIMIT",2,28911,1073671530,12314684964,221705,0
Liquid,1024,35,"SELECT ""ClientIP"", ""ClientIP"" - 1, ""ClientIP"" - 2, ""ClientIP"" - 3, COUNT(*) AS c",0,3392,1073671530,12314684964,221705,0
Liquid,1024,35,"SELECT ""ClientIP"", ""ClientIP"" - 1, ""ClientIP"" - 2, ""ClientIP"" - 3, COUNT(*) AS c",1,3665,1073671530,12314684964,221705,0
Liquid,1024,35,"SELECT ""ClientIP"", ""ClientIP"" - 1, ""ClientIP"" - 2, ""ClientIP"" - 3, COUNT(*) AS c",2,3906,1073671530,12314684964,221705,0
Liquid,1024,36,"SELECT ""URL"", COUNT(*) AS PageViews FROM hits WHERE ""CounterID"" = 62 AND ""EventD",0,619,1073675440,12314748492,221797,0
Liquid,1024,36,"SELECT ""URL"", COUNT(*) AS PageViews FROM hits WHERE ""CounterID"" = 62 AND ""EventD",1,593,1073675440,12314748492,221797,0
Liquid,1024,36,"SELECT ""URL"", COUNT(*) AS PageViews FROM hits WHERE ""CounterID"" = 62 AND ""EventD",2,585,1073675440,12314748492,221797,0
Liquid,1024,37,"SELECT ""Title"", COUNT(*) AS PageViews FROM hits WHERE ""CounterID"" = 62 AND ""Even",0,314,1073675440,12314748492,221797,0
Liquid,1024,37,"SELECT ""Title"", COUNT(*) AS PageViews FROM hits WHERE ""CounterID"" = 62 AND ""Even",1,307,1073675440,12314748492,221797,0
Liquid,1024,37,"SELECT ""Title"", COUNT(*) AS PageViews FROM hits WHERE ""CounterID"" = 62 AND ""Even",2,316,1073675440,12314748492,221797,0
Liquid,1024,38,"SELECT ""URL"", COUNT(*) AS PageViews FROM hits WHERE ""CounterID"" = 62 AND ""EventD",0,425,1073735428,12314939076,221981,0
Liquid,1024,38,"SELECT ""URL"", COUNT(*) AS PageViews FROM hits WHERE ""CounterID"" = 62 AND ""EventD",1,336,1073735428,12314939076,221981,0
Liquid,1024,38,"SELECT ""URL"", COUNT(*) AS PageViews FROM hits WHERE ""CounterID"" = 62 AND ""EventD",2,340,1073735428,12314939076,221981,0
Liquid,1024,39,"SELECT ""TraficSourceID"", ""SearchEngineID"", ""AdvEngineID"", CASE WHEN (""SearchEngi",0,975,1073741272,12315256716,222073,0
Liquid,1024,39,"SELECT ""TraficSourceID"", ""SearchEngineID"", ""AdvEngineID"", CASE WHEN (""SearchEngi",1,850,1073741272,12315256716,222073,0
Liquid,1024,39,"SELECT ""TraficSourceID"", ""SearchEngineID"", ""AdvEngineID"", CASE WHEN (""SearchEngi",2,817,1073741272,12315256716,222073,0
Liquid,1024,40,"SELECT ""URLHash"", ""EventDate""::INT::DATE, COUNT(*) AS PageViews FROM hits WHERE ",0,1335,1073565806,12328691364,222257,0
Liquid,1024,40,"SELECT ""URLHash"", ""EventDate""::INT::DATE, COUNT(*) AS PageViews FROM hits WHERE ",1,354,1073565806,12328691364,222257,0
Liquid,1024,40,"SELECT ""URLHash"", ""EventDate""::INT::DATE, COUNT(*) AS PageViews FROM hits WHERE ",2,355,1073565806,12328691364,222257,0
Liquid,1024,41,"SELECT ""WindowClientWidth"", ""WindowClientHeight"", COUNT(*) AS PageViews FROM hit",0,449,1073700548,12332888228,222441,0
Liquid,1024,41,"SELECT ""WindowClientWidth"", ""WindowClientHeight"", COUNT(*) AS PageViews FROM hit",1,314,1073700548,12332888228,222441,0
Liquid,1024,41,"SELECT ""WindowClientWidth"", ""WindowClientHeight"", COUNT(*) AS PageViews FROM hit",2,311,1073700548,12332888228,222441,0
Liquid,1024,42,"SELECT DATE_TRUNC('minute', to_timestamp_seconds(""EventTime"")) AS M, COUNT(*) AS",0,319,1073700548,12332888228,222441,0
Liquid,1024,42,"SELECT DATE_TRUNC('minute', to_timestamp_seconds(""EventTime"")) AS M, COUNT(*) AS",1,318,1073700548,12332888228,222441,0
Liquid,1024,42,"SELECT DATE_TRUNC('minute', to_timestamp_seconds(""EventTime"")) AS M, COUNT(*) AS",2,318,1073700548,12332888228,222441,0
